{"schemaVersion":"1.0","appDefinitionTemplate":{"id":"/providers/Microsoft.PowerApps/apps/","type":"Microsoft.PowerApps/apps","tags":{"primaryDeviceWidth":"1366","primaryDeviceHeight":"768","sienaVersion":"20210113T173414Z-3.20114.22.0","deviceCapabilities":"","supportsPortrait":"false","supportsLandscape":"true","primaryFormFactor":"Tablet","publisherVersion":"3.20114.22","minimumRequiredApiVersion":"2.2.0","hasComponent":"true","hasUnlockedComponent":"true","isUnifiedRootApp":"false"},"properties":{"appVersion":"2021-01-13T17:34:14Z","lifeCycleId":"Published","createdByClientVersion":{"major":3,"minor":20114,"build":22,"revision":0,"majorRevision":0,"minorRevision":0},"minClientVersion":{"major":3,"minor":20114,"build":22,"revision":0,"majorRevision":0,"minorRevision":0},"backgroundColor":"rgba(0, 176, 240, 1)","backgroundImageUri":"/13182407045117017980/N86cfe586-11dc-40ff-9a3c-58c57bfbf43a-logoSmallFile","displayName":"gradient maker","description":"","commitMessage":"","appUris":{"documentUri":{"value":"/13182407045117017980/N98cd72b4-3ac1-4374-b13c-491905de9d35-document.msapp"},"imageUris":[]},"createdTime":"0001-01-01T00:00:00Z","lastModifiedTime":"0001-01-01T00:00:00Z","sharedGroupsCount":0,"sharedUsersCount":0,"icons":{"smallIconUri":"/13182407045117017980/N5ee110d1-7244-49be-960c-f61754a5daa7-small.png","mediumIconUri":"/13182407045117017980/N2a2d1d7d-4aa5-48bf-83a0-525d513be27b-medium.png","largeIconUri":"/13182407045117017980/N2e5bed19-3033-43ca-8db0-834d9edc906a-large.png","wideIconUri":"/13182407045117017980/Nc64a1967-ee87-49b5-bbc2-8fa0e31ca052-wide.png"},"connectionReferences":{},"databaseReferences":{},"almMode":"Environment","performanceOptimizationEnabled":true,"canConsumeAppPass":true,"executionRestrictions":{"isTeamsOnly":false,"dataLossPreventionEvaluationResult":{"status":"Compliant","lastEvaluationDate":"2021-01-13T17:18:47.4506569Z","violationDetails":[]}}},"isAppComponentLibrary":false,"appType":"ClassicCanvasApp","appComponents":[]}}