{"schemaVersion":"1.0","appDefinitionTemplate":{"id":"/providers/Microsoft.PowerApps/apps/","type":"Microsoft.PowerApps/apps","tags":{"primaryDeviceWidth":"1366","primaryDeviceHeight":"768","sienaVersion":"20210101T160405Z-3.20114.22.0","deviceCapabilities":"webcam","supportsPortrait":"false","supportsLandscape":"true","primaryFormFactor":"Tablet","publisherVersion":"3.20114.22","minimumRequiredApiVersion":"2.2.0","hasComponent":"false","hasUnlockedComponent":"false","isUnifiedRootApp":"false"},"properties":{"appVersion":"2021-01-01T16:04:05Z","lifeCycleId":"Published","createdByClientVersion":{"major":3,"minor":20114,"build":22,"revision":0,"majorRevision":0,"minorRevision":0},"minClientVersion":{"major":3,"minor":20114,"build":22,"revision":0,"majorRevision":0,"minorRevision":0},"backgroundColor":"rgba(1, 60, 96, 1)","backgroundImageUri":"/965506757918319112/N5033e7a6-1e7f-4c11-937e-9f0320feecca-logoSmallFile","displayName":"Natestagram","description":"","commitMessage":"","appUris":{"documentUri":{"value":"/965506757918319112/Na66c1a36-3bbe-4067-af85-f000175cd3fb-document.msapp"},"imageUris":[]},"createdTime":"0001-01-01T00:00:00Z","lastModifiedTime":"0001-01-01T00:00:00Z","sharedGroupsCount":0,"sharedUsersCount":0,"icons":{"smallIconUri":"/965506757918319112/N138de4e2-754c-475a-b64e-d7e9e0f96726-small.png","mediumIconUri":"/965506757918319112/N75f12e99-975b-491d-8923-7f8b891b2fd9-medium.png","largeIconUri":"/965506757918319112/Nc05729cc-dfdf-4b46-afc5-a6623ca79ae3-large.png","wideIconUri":"/965506757918319112/Ned87ca54-898e-4a38-8b07-31ffae34b811-wide.png"},"connectionReferences":{"a75871fe-e007-4bbc-9472-ce69b0ea7701":{"id":"82c0d463-89fa-4dda-b9c5-17ff3cc9f1f8","displayName":"SharePoint","iconUri":"https://connectoricons-prod.azureedge.net/releases/v1.0.1426/1.0.1426.2268/sharepointonline/icon.png","dataSources":["users","pics","Likes","Comments","Followers"],"dependencies":[],"dependents":[],"parameterHints":{},"isOnPremiseConnection":false,"bypassConsent":false,"dataSets":{"https://powerttpeople.sharepoint.com/sites/FormExample":{"dataSources":{"users":{"tableName":"a13d80fb-a952-4a9f-956a-36633acf062a"},"pics":{"tableName":"fa900522-b3be-4071-98b0-0b0d2d8c2ab0"},"Likes":{"tableName":"76fd09aa-e9d0-4cc1-99db-ac78283dc900"},"Comments":{"tableName":"398692e9-669f-469a-8e97-64a1875d0e8a"},"Followers":{"tableName":"49af52bf-2516-41ef-b4d7-72de51445e1d"}}}},"apiTier":"Standard","isCustomApiConnection":false},"e96f2a58-6d6d-48f7-88de-b022b7c36e04":{"id":"2a033dfa-8e17-43c9-bea5-00ad5d722fa9","displayName":"Office 365 Users","iconUri":"https://connectoricons-prod.azureedge.net/releases/v1.0.1411/1.0.1411.2206/office365users/icon.png","dataSources":["Office365Users"],"dependencies":[],"dependents":[],"parameterHints":{},"isOnPremiseConnection":false,"bypassConsent":false,"dataSets":{},"apiTier":"Standard","isCustomApiConnection":false,"actions":["MyProfileV2"]}},"databaseReferences":{},"almMode":"Environment","performanceOptimizationEnabled":true,"canConsumeAppPass":true,"executionRestrictions":{"isTeamsOnly":false,"dataLossPreventionEvaluationResult":{"status":"Compliant","lastEvaluationDate":"2020-12-24T11:51:24.4235749Z","violationDetails":[]}}},"isAppComponentLibrary":false,"appType":"ClassicCanvasApp","appComponents":[]}}