{"schemaVersion":"1.0","appDefinitionTemplate":{"id":"/providers/Microsoft.PowerApps/apps/","type":"Microsoft.PowerApps/apps","tags":{"primaryDeviceWidth":"1366","primaryDeviceHeight":"768","sienaVersion":"20210118T010318Z-3.20122.13.0","deviceCapabilities":"","supportsPortrait":"false","supportsLandscape":"true","primaryFormFactor":"Tablet","publisherVersion":"3.20122.13","minimumRequiredApiVersion":"2.2.0","hasComponent":"true","hasUnlockedComponent":"true","isUnifiedRootApp":"false"},"properties":{"appVersion":"2021-01-18T01:03:18Z","lifeCycleId":"Published","createdByClientVersion":{"major":3,"minor":20122,"build":13,"revision":0,"majorRevision":0,"minorRevision":0},"minClientVersion":{"major":3,"minor":20122,"build":13,"revision":0,"majorRevision":0,"minorRevision":0},"backgroundColor":"rgba(0, 176, 240, 1)","backgroundImageUri":"/13526043289039092076/N75cdb551-1bfb-4a4f-9cb1-36582b1e1a3c-logoSmallFile","displayName":"custom bar graph","description":"","commitMessage":"","appUris":{"documentUri":{"value":"/13526043289039092076/N659b31f6-abff-40f8-b1ba-23fbe64402dc-document.msapp"},"imageUris":[]},"createdTime":"0001-01-01T00:00:00Z","lastModifiedTime":"0001-01-01T00:00:00Z","sharedGroupsCount":0,"sharedUsersCount":0,"icons":{"smallIconUri":"/13526043289039092076/N1c9c0aff-3c75-4d0d-808a-7293d99b90db-small.png","mediumIconUri":"/13526043289039092076/N68ac5b78-3071-4d45-8488-05f4899f8710-medium.png","largeIconUri":"/13526043289039092076/N438c344e-34e3-4f89-8cb2-54478a98bd6a-large.png","wideIconUri":"/13526043289039092076/Nf647494a-1274-43f9-8de5-fb3248ca9ec7-wide.png"},"connectionReferences":{},"databaseReferences":{},"almMode":"Environment","performanceOptimizationEnabled":true,"canConsumeAppPass":true,"executionRestrictions":{"isTeamsOnly":false,"dataLossPreventionEvaluationResult":{"status":"Compliant","lastEvaluationDate":"2021-01-17T18:11:39.7188914Z","violationDetails":[]}}},"isAppComponentLibrary":false,"appType":"ClassicCanvasApp","appComponents":[]}}