{"schemaVersion":"1.0","appDefinitionTemplate":{"id":"/providers/Microsoft.PowerApps/apps/","type":"Microsoft.PowerApps/apps","tags":{"primaryDeviceWidth":"1366","primaryDeviceHeight":"768","sienaVersion":"1b4e7320-7053-40f1-a37a-7ec2d8f66657","deviceCapabilities":"","supportsPortrait":"false","supportsLandscape":"true","primaryFormFactor":"Tablet","publisherVersion":"3.20114.22","minimumRequiredApiVersion":"2.2.0","hasComponent":"true","hasUnlockedComponent":"true","isUnifiedRootApp":"false"},"properties":{"appVersion":"2021-01-13T17:18:37Z","lifeCycleId":"Published","createdByClientVersion":{"major":3,"minor":20114,"build":22,"revision":0,"majorRevision":0,"minorRevision":0},"minClientVersion":{"major":3,"minor":20114,"build":22,"revision":0,"majorRevision":0,"minorRevision":0},"backgroundColor":"rgba(0, 176, 240, 1)","backgroundImageUri":"/13182407045117017980/N040c44d3-9fd4-4806-9f8d-5f81ba735b61-logoSmallFile","displayName":"gradient maker","description":"","commitMessage":"","appUris":{"documentUri":{"value":"/13182407045117017980/N2745599e-9a0e-4437-9175-09ac2ff07cb3-document.msapp"},"imageUris":[]},"createdTime":"0001-01-01T00:00:00Z","lastModifiedTime":"0001-01-01T00:00:00Z","sharedGroupsCount":0,"sharedUsersCount":0,"icons":{"smallIconUri":"/13182407045117017980/N1fceee97-541c-4bd9-b739-92079d615133-small.png","mediumIconUri":"/13182407045117017980/Nc8d5afd5-9f5a-4828-96be-0e44b68d5b50-medium.png","largeIconUri":"/13182407045117017980/N745b4394-8093-4cda-90e3-c710c4bade1d-large.png","wideIconUri":"/13182407045117017980/N896ad13d-3c3e-4ce8-834f-e11b9c5aadcf-wide.png"},"connectionReferences":{},"databaseReferences":{},"almMode":"Environment","performanceOptimizationEnabled":true,"canConsumeAppPass":true,"executionRestrictions":{"isTeamsOnly":false,"dataLossPreventionEvaluationResult":{"status":"Compliant","lastEvaluationDate":"2021-01-13T17:18:47.4506569Z","violationDetails":[]}}},"isAppComponentLibrary":false,"appType":"ClassicCanvasApp","appComponents":[]}}